planned_duration_days,days_elapsed,actual_progress_pct,labor_availability,subcontractor_delay,weather_delay_days,material_delay_days,cost_spent_pct,change_orders,delay_risk,cost_overrun_risk
192,244,81.38205305380849,0.7025103995401607,0,29,35,82.15424082617804,8,High,Low
525,264,83.6944696009795,0.796459199915891,0,12,32,36.398496762145314,14,High,Low
360,38,44.6786821060118,0.7897074496717504,0,1,23,78.05017602195326,0,High,High
196,103,56.89642059704388,0.8313106395041602,1,3,38,69.57876571464713,13,High,Low
161,521,31.580527943680863,0.5476307539773131,0,27,33,91.68600894356587,0,High,High
110,282,26.66961347394349,0.8260616227652189,0,5,27,87.77555512268654,2,High,High
704,259,52.968169724012874,0.6560740283482236,1,25,36,45.21176313060426,2,High,Low
211,548,60.57916327453575,0.6995229730685555,0,26,6,42.098985998012246,9,High,Low
556,203,38.83805590117623,0.9289931269613529,0,22,3,98.53226590819582,7,Medium,High
304,197,58.402699009897525,0.5045152020647752,0,26,36,62.18121447322052,14,High,Low
420,199,85.43414101364775,0.7942063166703027,1,4,0,92.51367711315494,9,Low,Low
548,422,57.321334706586114,0.7993569900500538,0,24,0,33.11048190243858,0,Medium,Low
177,223,71.26911318639307,0.698329888171781,1,2,19,71.42551318401394,12,High,Low
462,546,78.45177222542193,0.6185139285541681,0,0,18,84.7888149888469,1,High,Low
189,58,94.04194646621264,0.6173370191307755,0,3,28,95.79161996691575,1,High,Low
220,194,61.271779185043265,0.9418548348303764,1,24,9,46.98721128136188,2,Medium,Low
398,451,78.58226266181981,0.7210121868914288,0,19,17,77.9984935939242,12,High,Low
433,368,91.82519207716435,0.665444681494586,0,1,27,63.10504072316952,5,High,Low
581,525,90.27482667406824,0.7243887869157015,1,25,34,24.850314085317457,0,High,Low
503,394,21.991957146105655,0.8346952007296806,1,29,42,75.19997898471547,1,High,High
475,371,44.54334620324937,0.5728782841223758,1,29,30,75.20772465902748,12,High,High
281,529,37.53915519407796,0.7247169176068688,1,4,26,94.44854438772296,14,High,High
366,540,17.388626270779692,0.7939421855551935,1,2,10,59.78499569351779,12,High,High
250,356,63.825465867431646,0.9742916774257169,0,28,37,38.420073656841176,0,High,Low
549,246,72.55189212166019,0.6262638910377096,1,27,4,23.565105875894332,4,Medium,Low
403,330,82.0908881146851,0.6796253739581228,0,28,7,53.25137493487246,12,Medium,Low
111,161,20.436035621330223,0.6896792949612118,0,8,33,44.15333600620015,12,High,Medium
342,99,84.49774644939997,0.8027690788224414,0,19,11,80.88706448191004,6,Medium,Low
650,281,64.64867290721153,0.6783660265200009,1,5,37,48.34142118728373,7,High,Low
564,444,69.8354214867733,0.7667559626498478,1,17,0,95.92569570518751,9,Medium,Medium
148,474,87.40304030092584,0.8908951649225147,0,5,30,96.98481623902273,0,High,Low
600,211,63.10470803867634,0.8526927970561018,1,18,3,69.67268721741664,6,Medium,Low
565,196,38.548597857735984,0.7231843232562928,1,27,44,94.29282296119064,12,High,High
279,120,80.13412317092609,0.9321080888370845,1,11,4,80.86834756115965,4,Medium,Low
652,560,40.86003303658269,0.7790701247969314,1,24,29,63.748771278010096,9,High,Medium
656,68,12.909389419744976,0.7699529197511062,0,10,23,34.42463483382225,0,High,Medium
333,155,80.60563305804622,0.517093882969579,0,1,2,56.6878354811072,2,Low,Low
594,480,39.34133231490843,0.9933464901785808,1,14,10,64.86995706900942,6,High,Medium
220,202,75.77593447211392,0.5614854042648134,0,11,44,89.11692645880082,9,High,Low
574,249,40.83442104660536,0.6155654562138233,1,11,3,58.506670122853194,0,Medium,Medium
110,87,83.19078169785134,0.5258484186207635,1,8,25,91.81397381423653,6,High,Low
256,505,28.65839463188149,0.8200014834184568,0,20,26,73.94791832187751,4,High,High
363,485,92.83651754190394,0.61235058848634,0,23,42,30.959925044293712,0,High,Low
477,390,76.27949585698262,0.5900052187363618,0,1,26,99.59850954600743,0,High,Medium
690,30,19.71022370323373,0.5442777921116206,1,21,41,62.17861286031301,13,High,High
405,416,58.09101269715764,0.5516544785620079,0,2,5,51.34866371272631,0,High,Low
103,377,93.75622154054744,0.7923353502212944,1,11,14,72.72910115756213,10,High,Low
331,219,50.04056347897422,0.8441039329332978,0,27,29,28.711465118483126,8,High,Low
435,534,25.479106799834575,0.6986894942322005,0,29,41,70.92309174026835,10,High,High
654,220,51.206161207779424,0.7399485407960367,1,25,36,59.85888003994184,12,High,Low
429,537,53.558900749963335,0.842983867991492,1,15,36,52.53392559988665,2,High,Low
181,398,73.04339025943656,0.5086898950927399,1,20,41,96.24160169431194,14,High,Medium
456,438,69.40189751867688,0.6615653285351393,1,27,36,61.80317733856426,12,High,Low
544,146,44.21675370574334,0.9865488740351732,1,23,34,37.52939835759507,4,High,Low
517,163,28.531964136997352,0.7900561148477341,1,25,22,56.71707835018389,10,High,Medium
598,87,64.82960426039301,0.6271122899487467,1,29,5,93.55099236581381,9,Medium,Medium
124,585,45.84483443702895,0.7608650233181066,1,0,3,34.08763770644757,11,High,Low
295,202,21.243477945653083,0.6713267440604577,0,20,17,37.11656309505895,8,High,Medium
170,178,86.54864560509279,0.7661224944131495,1,2,8,21.0423654205667,5,Medium,Low
651,109,68.75385789682062,0.5628707559033244,1,19,28,21.135203951661374,11,High,Low
477,242,68.07062779786591,0.5663573269096387,0,1,12,86.351330156681,8,Low,Medium
91,232,79.91962945249229,0.5717711810196964,1,8,16,78.56980854743647,7,High,Low
479,258,55.02124268568189,0.9699098959634209,0,18,44,48.40328451615666,7,High,Low
655,256,79.27962641420885,0.8664494591706708,0,14,31,75.86489257820583,0,High,Low
195,561,52.33771404843549,0.5811909473311605,1,17,21,51.61647410479762,12,High,Low
566,470,15.709908992835357,0.5941745418828007,0,25,3,96.2317436798262,8,High,High
491,431,44.44608748235354,0.8654147374354382,1,10,4,97.36421451408279,5,High,High
645,76,52.2845159882907,0.5780819223960869,0,24,36,51.42350206474747,8,High,Low
251,262,71.21721943874513,0.6172806466674143,0,22,40,88.33775250726944,2,High,Medium
291,334,19.05919206093732,0.9816734164101995,0,15,12,81.84712333579729,11,High,High
359,555,21.901575786138167,0.6276532623642159,1,21,33,44.799994973743146,2,High,Medium
360,172,32.41312322394239,0.8308161751855734,1,16,44,38.563186312088476,5,High,Low
545,444,32.65236343652499,0.9893156437002653,0,4,21,56.65877203142671,8,High,Medium
551,542,72.2356891690203,0.6871483835698964,0,11,22,82.5079072491525,6,High,Low
341,402,31.31210614773581,0.5087579954310311,1,10,2,96.81342277829964,13,High,High
385,595,63.81333538538304,0.6220736452111871,1,29,41,81.0863255093258,12,High,Medium
427,288,52.01327726175307,0.9154385956708527,0,14,33,88.4165588014696,2,High,High
142,500,58.73002214524906,0.9323044179775184,0,26,31,68.24514449364132,2,High,Low
306,41,81.23909187015515,0.8842596822618956,1,2,44,86.83262646737008,1,High,Low
277,359,44.372427631667065,0.5565549095382865,1,0,20,82.75366864027342,8,High,High
469,387,75.52746705046299,0.8977551858482016,1,19,43,50.15884335410241,12,High,Low
582,437,45.873065061808425,0.9593388984967521,1,28,20,64.15922416965769,14,Medium,Medium
130,402,40.0790670077062,0.800304771273118,1,15,43,84.38024975917558,2,High,High
246,37,91.48331007162375,0.9704376781690325,0,1,10,23.68453873519651,10,Low,Low
104,151,25.671528257711874,0.9134194418559387,1,1,38,84.6463425884664,4,High,High
154,377,17.67864164909667,0.8334857584954536,0,2,3,34.23104992392187,13,High,Medium
610,119,75.53380367051567,0.788592618355874,1,7,0,61.17468936971512,13,Low,Low
433,345,15.801224955097783,0.6742868336209853,0,23,27,84.66203516447501,8,High,High
218,207,81.1517142097575,0.5796437226214026,1,27,23,40.30568625253559,7,High,Low
561,569,47.1614386903657,0.8024769613452705,1,14,34,39.66459514449224,1,High,Low
152,70,87.81866256981269,0.6590557768090597,0,6,12,52.22115187698015,2,Low,Low
228,531,71.33029319536197,0.9332193337638227,0,5,33,91.57142380621076,1,High,Medium
588,174,61.884396695676394,0.9966684686793142,1,8,10,20.03542251497663,7,Low,Low
682,230,90.69107774991008,0.8762138813077862,1,19,35,92.11064773135479,5,High,Low
481,490,43.71519670942461,0.5452408476435253,1,27,16,32.304561971328624,5,High,Low
508,587,91.09738960586881,0.6443427977653191,1,0,34,99.20691008539856,11,High,Low
378,576,21.47510858080259,0.5545548158828748,1,7,17,96.38775944307744,14,High,High
468,282,51.11917006425509,0.8252558238958578,0,22,39,59.57401516730266,8,High,Low
579,419,32.94245390333657,0.8825954322778924,0,22,21,61.01761982501025,7,High,Medium
320,285,55.88663620719644,0.9628374154403558,1,2,23,58.523947222068344,3,High,Low
130,479,23.771179620784693,0.7190861732059939,0,3,18,70.83549165276182,14,High,High
117,39,81.53002112635369,0.9506878247942221,0,25,36,27.25773617879448,11,High,Low
224,271,81.94466719173737,0.9389455795206638,0,24,38,22.60943586732532,3,High,Low
290,280,91.19508658149572,0.6585978583826992,1,14,20,24.616234273271907,8,Medium,Low
122,34,23.147131975075077,0.9344503127702855,0,5,7,55.54922793932115,0,Low,High
137,148,62.983266826924215,0.6878361259408632,1,14,27,42.04383513755867,12,High,Low
592,403,50.31017123953142,0.6484346372801404,0,20,4,69.7631649896795,1,Medium,Medium
496,94,39.27261722375982,0.8245373293971965,1,2,16,99.39538314998232,1,Low,High
663,175,39.8809136964086,0.6641906139425405,0,24,36,50.905853846117274,12,High,Low
188,253,45.08745180157394,0.815104374164572,1,20,35,65.90730032836106,12,High,Medium
636,268,69.918671723561,0.8049159027493473,1,20,18,53.24831167258684,5,Medium,Low
702,206,60.854314952793146,0.7817194636742294,0,13,26,87.78173341774875,14,High,Medium
551,311,49.07292858469614,0.6902098521163988,1,19,33,92.17891227697905,3,High,High
94,92,16.454339881417877,0.7742498608257384,1,13,10,90.1884489764208,12,High,High
307,246,16.61005424671135,0.7982427374927108,1,3,44,97.94977909434061,10,High,High
592,490,10.198848203191153,0.7728434442477368,1,11,11,22.201534811233223,9,High,Low
487,134,92.25444799760236,0.7222097263756008,1,16,20,87.18529297164248,12,Medium,Low
482,128,10.446574577462718,0.507333528523132,1,6,10,80.14177384312745,2,Medium,High
296,540,18.762968411168316,0.7935308538505754,1,8,38,38.29555275202918,2,High,Medium
104,414,36.74070732879993,0.5842221925713598,1,2,27,96.50560747100221,2,High,High
643,434,78.6315714044247,0.8212879844735947,0,27,4,31.854234258395635,5,Medium,Low
550,547,91.77839678995001,0.879672163961433,0,12,16,74.36399417071267,13,Medium,Low
664,505,77.15115249730776,0.7502226545653707,1,14,19,37.991217345273,7,Medium,Low
330,466,68.69761975787945,0.7711818324898692,1,17,40,54.510451901925975,10,High,Low
653,52,54.3105567301534,0.9757392798329956,0,18,11,77.53279175556551,6,Medium,Medium
185,594,17.369943008285606,0.9235836806862872,0,0,5,65.06597136264374,13,High,High
574,487,91.44451740533408,0.9571182579757349,0,5,16,54.200146506248934,3,Low,Low
496,112,74.46335518538292,0.9068831441597932,1,26,18,46.10707447455898,10,Medium,Low
320,174,64.31069775341226,0.5544591709233657,0,26,25,87.17277245670323,11,High,Medium
260,114,74.51804687080224,0.5744959279850974,1,22,43,31.505148025185097,3,High,Low
630,107,71.54878298821677,0.7633118986344798,1,26,43,54.408230122384005,10,High,Low
125,486,64.16468428210638,0.6230348293989991,0,26,31,92.30060574201137,9,High,Medium
614,30,93.349028015299,0.7383477375205796,1,1,5,87.66796403679741,14,Low,Low
249,80,86.78592407406212,0.6971826619091751,1,23,35,52.07534099784374,10,High,Low
332,475,64.9665181249589,0.7747071192152266,1,13,37,81.04866908810466,10,High,Medium
175,478,68.9198929738386,0.8734378580679114,1,5,10,85.85286645670874,13,High,Medium
667,517,14.38564356599035,0.8577454535496372,0,13,32,91.11099392029038,10,High,High
646,63,66.94298448675333,0.7606170662426672,0,3,23,63.56046152393824,1,High,Low
663,377,13.754062205358515,0.911196709408529,1,20,22,36.356870884376946,13,High,Medium
117,124,60.00241934244414,0.7154310457690167,1,7,14,40.42472612031453,0,High,Low
709,101,94.94504746309596,0.9483571449200612,0,29,26,43.65557392332833,8,High,Low
645,580,57.24355942216027,0.5356401350275819,1,2,10,67.50419846476925,11,High,Low
429,183,50.22286003691334,0.9773300150166537,0,18,16,22.624769930288675,14,Medium,Low
420,279,36.59266280297494,0.8273465407156742,1,29,13,70.88339750239746,11,Medium,High
595,467,20.244419196849478,0.6900372544686026,1,13,26,49.14833907425856,1,High,Medium
437,147,72.13701207395394,0.5985770632864387,0,26,17,43.61934419917137,12,Medium,Low
562,335,26.370917361778588,0.7395916147218,0,19,27,90.35972565825011,7,High,High
320,297,19.79897180601917,0.5972791615926505,0,16,3,56.800191646463915,14,High,High
279,83,45.84982607709357,0.583165803871571,0,24,6,27.604243642615423,8,Medium,Low
314,265,77.60405622652328,0.8086758787064872,1,7,44,86.13974144209976,3,High,Low
474,418,73.33048659021873,0.7615423622908923,0,23,34,23.811300594920528,7,High,Low
466,430,14.665022244950368,0.8350480173054708,1,13,8,78.13993793345574,8,High,High
372,332,48.68721322807327,0.9648029387109947,0,25,7,81.91249774165321,9,High,High
717,236,54.40693896604936,0.7661301066695201,0,5,44,48.208208474308655,9,High,Low
348,258,64.78646530319489,0.7904660266313989,1,22,16,85.98302850222294,4,Medium,Medium
448,104,65.2642247876744,0.5448131695774711,0,21,16,61.25275246851628,12,Medium,Low
545,464,40.999266203871,0.8588178929543148,0,15,32,57.06349226182375,13,High,Medium
500,132,57.65756149029869,0.6999526034020781,0,24,31,23.632262517495406,6,High,Low
407,451,50.89026012674735,0.9883626193312894,0,18,7,43.20233549191247,9,High,Low
314,335,85.2248603044789,0.9115870077978301,1,13,18,94.48079767082399,3,Medium,Low
323,127,55.07253627396651,0.7612405202580592,1,18,37,51.34591706268,0,High,Low
463,364,47.48773374859374,0.561611327086083,0,2,2,63.736041644541466,2,High,Medium
697,464,44.381263222957315,0.9297078966402945,0,9,4,62.56173431874014,4,Medium,Medium
561,476,58.65635955184458,0.8998905477120108,0,18,12,67.23448718581547,2,Medium,Low
322,337,78.33804324907629,0.5922925647685164,1,8,30,24.90647645146261,11,High,Low
202,278,55.76412668236694,0.647639144610155,1,27,15,48.97410038389826,12,High,Low
586,195,66.24068988184604,0.8967036290739187,1,19,31,77.85026191060433,10,High,Low
531,510,72.71774018705463,0.5926142232737048,1,12,21,36.04482008583864,6,High,Low
653,364,54.21428933969221,0.9588762445856887,0,6,28,36.28627020370884,11,High,Low
357,571,46.27944981566347,0.712263712598181,0,13,21,20.80724853512198,8,High,Low
599,135,84.5165571183082,0.5435194812938293,0,8,42,54.99855412865678,14,High,Low
475,592,45.48801714237083,0.9078743217521404,1,26,2,90.61875045387376,11,High,High
476,110,49.26514229892494,0.6867548415191937,0,27,9,24.15207548698472,5,Medium,Low
202,162,94.17901163405105,0.7632495970768904,1,22,41,35.28949675968021,12,High,Low
702,167,10.020189503950188,0.5561521722056095,1,24,20,44.806763067420405,9,Medium,High
714,213,25.76519731402141,0.5012920074224911,0,27,15,78.53797892513703,0,Medium,High
170,430,42.63693064317669,0.8189926028966488,0,18,11,71.25084742420692,6,High,Medium
202,359,89.27014230114649,0.7575875851668659,0,14,1,53.275512366548405,14,High,Low
91,537,15.952524988535037,0.7967692845615736,1,19,40,80.72551514067005,2,High,High
309,98,10.806261858422337,0.8968719251902582,1,13,23,68.77048093255215,4,High,High
655,575,14.47812605806443,0.8233029567114301,0,23,34,91.68326397257752,9,High,High
314,82,17.52618990215754,0.5873867214136885,0,5,29,85.44213993109544,3,High,High
474,479,13.195725722532174,0.6803862595552999,1,20,29,40.22508848713605,9,High,Medium
492,234,50.7814127828029,0.9529455523938801,0,28,34,41.71508621073602,4,High,Low
219,155,59.36436261432286,0.8849723501258395,1,3,18,30.028518063390848,4,Low,Low
142,72,33.093392540865345,0.7783185289683586,1,7,7,46.95717805739652,5,Medium,Low
505,140,43.85442763792902,0.6278224989046362,0,16,25,99.96351349752754,13,High,High
336,212,17.79444348447156,0.6510302509173975,0,29,39,52.46009348920488,9,High,High
528,124,38.59148942541587,0.8659790337928173,0,8,6,37.63907477512851,11,Low,Low
292,403,54.41413128893446,0.9255871304263854,0,0,29,80.99863075804424,9,High,Medium
273,549,72.24310361069485,0.8357123347653073,1,23,6,63.39768027701248,12,High,Low
212,389,10.284440773653234,0.9047649878842209,1,19,2,31.968115962156205,12,High,Medium
490,310,49.72141515570047,0.883328067600203,1,24,0,50.45517449286926,10,Medium,Low
383,224,35.24524449866499,0.5748519839784789,0,13,35,53.157577243147465,5,High,Medium
369,224,82.48985484381161,0.711972406456651,1,10,24,80.30637604553749,7,High,Low
699,122,70.82203179491057,0.5764919004142813,0,20,36,21.653709511352357,7,High,Low
287,90,60.07422543002606,0.6176177924009925,0,2,0,41.52157174386484,10,Low,Low
600,80,33.56757988422575,0.9346298123255263,0,8,14,61.40770410524176,8,Low,Medium
233,432,87.37882367489041,0.736445982816591,0,26,36,41.507739396227464,7,High,Low
698,34,13.83355756372747,0.7676790509213305,0,13,12,70.27472379351991,12,Medium,High
290,495,19.30474588772479,0.5892229826138861,0,29,39,58.54939834196933,10,High,High
213,563,43.28856194593026,0.656135893024398,1,8,7,48.93682038876645,1,High,Low
276,434,20.57719237023279,0.615123084213935,0,3,4,95.93669014964098,13,High,High
415,542,91.29533429255113,0.6030930822592132,1,26,8,70.57275993491659,13,High,Low
553,262,77.82909238218758,0.818980396657985,1,3,0,30.395309781435298,11,Low,Low
438,553,32.01352538615416,0.6284419238228574,0,27,35,64.80733579547163,9,High,High
492,375,60.02710946272586,0.8160077430102093,0,7,34,82.45854825607208,11,High,Medium
435,75,93.49809378180694,0.529227307054277,0,1,1,76.67917579942379,10,Low,Low
600,575,85.15691314117775,0.5708871967635509,1,8,39,33.76713834362075,14,High,Low
236,107,61.067867947586834,0.6372701270000627,0,28,22,97.79359992320826,0,High,High
237,102,86.81653720989799,0.7985234584478458,1,13,8,55.90509165972848,9,Medium,Low
578,278,94.08071733413551,0.8379206225436879,0,21,33,32.7220002992209,1,High,Low
640,76,73.18498994595805,0.7213584833897635,0,8,13,34.41566033025183,1,Low,Low
427,150,15.523844806045993,0.7228954572886145,1,23,3,27.858799375126438,11,Medium,Low
562,243,44.134320096166434,0.8622584256993091,1,22,29,84.28144867479475,2,High,High
240,268,81.21518749907587,0.5079105458827913,0,15,30,29.762439545747892,9,High,Low
504,85,29.598381643426617,0.6705450122371103,1,28,37,30.010020571339755,6,High,Low
387,379,80.6046140088031,0.9093535285596164,1,29,10,88.03772918086702,1,Medium,Low
700,136,20.228794772974656,0.8016097051066862,1,16,34,47.56832675580477,13,High,Medium
352,77,13.990355357564106,0.6686135663777102,1,15,7,22.468632344645798,0,Medium,Low
233,366,42.64770197675621,0.9527623961648369,1,29,2,24.151623961472872,13,High,Low
435,55,13.122214681262157,0.8863113637246913,0,11,13,31.373635736311645,5,Medium,Medium
713,286,91.36797235358267,0.6324477236183668,0,2,12,37.07146783805516,8,Low,Low
661,37,80.2274841424871,0.8226449187628584,1,10,44,73.21169553907242,14,High,Low
91,282,78.06542340603939,0.7978753640944783,0,13,31,32.58610240014626,2,High,Low
393,332,63.531123454673015,0.7005939570194913,0,17,33,29.50995129416576,5,High,Low
343,85,28.38754195810705,0.6834780396024003,1,20,44,81.17753131810233,2,High,High
542,555,54.052131167493336,0.671780237387852,0,20,18,73.68442270879315,13,High,Medium
126,503,60.76829615657899,0.8085778916978235,1,4,37,54.82593771641889,12,High,Low
249,57,54.627677573122796,0.7212049682403348,1,15,15,63.944781718408315,0,Medium,Low
98,107,32.11983627587982,0.915931556625711,0,19,1,44.95872162611348,13,High,Low
322,245,53.7960735667517,0.8348013080669809,1,4,39,58.60003361882885,12,High,Low
188,415,51.750838973833254,0.5349658028547171,1,2,16,60.53381191861966,11,High,Low
297,394,94.68854094357157,0.820084111914083,1,11,33,50.97898169424767,4,High,Low
220,555,86.28207258392733,0.6355737182500925,1,0,41,92.52577685377302,9,High,Low
493,341,49.387363598327696,0.7964059958267113,1,20,15,21.28494919848049,13,Medium,Low
241,36,62.94967754948509,0.8400659655517257,0,28,37,82.57370104729969,12,High,Medium
143,32,73.56908634783943,0.615414594577006,0,8,1,29.950626499305947,10,Low,Low
209,392,12.963538619875116,0.7284293224401843,1,28,1,83.80378884297596,3,High,High
717,537,86.06832250436639,0.5951624314095338,1,8,25,69.27295325413769,6,High,Low
676,303,83.11077939552352,0.5261694378932542,0,3,12,87.46224727491219,5,Low,Low
714,535,48.88172831076512,0.6892382117429345,1,2,30,27.801146051271797,9,High,Low
509,44,43.24943011683228,0.681472135922996,0,16,33,64.71845072798192,6,High,Medium
511,221,33.20154686278677,0.9977402453521285,1,1,38,60.087030420975765,4,High,Medium
193,514,50.51753040808131,0.7231761755988211,1,23,2,76.49545463706869,14,High,Medium
343,57,13.772016400325125,0.6667847747361002,1,0,7,62.74324415149407,14,Low,High
316,68,82.43645033449566,0.7902375033583373,1,7,22,63.258765370648334,3,High,Low
201,302,13.01090131557633,0.5443836970538842,1,12,13,54.367675486085176,6,High,High
599,260,37.969366056439036,0.9808328679774065,1,22,26,44.70675392058727,6,High,Low
562,115,89.18510650711414,0.8174800227955166,1,14,28,58.58114890017538,5,High,Low
188,503,72.4930756344935,0.8774189099704239,0,7,38,29.479388701472047,7,High,Low
242,155,33.918231649089776,0.5852389690869588,0,11,38,96.92106711864679,3,High,High
427,566,31.475172986675233,0.704738926502602,0,21,0,77.15286109012786,9,High,High
252,174,10.431981884532208,0.7113445566980947,1,11,16,96.19736933502774,4,High,High
250,554,69.13571489222876,0.9109032219505434,1,13,40,38.13819058639706,3,High,Low
669,241,14.146604442219713,0.5006183398797047,1,14,29,90.34728161412224,11,High,High
487,54,55.271214149064775,0.6504265541766275,1,14,12,84.70319876508307,0,Medium,Medium
366,423,91.78036767032424,0.990618187172152,1,8,20,74.17219299661389,11,Medium,Low
593,96,19.30485310462858,0.7374432717531093,1,18,18,70.00233488681646,7,Medium,High
481,262,86.03079413228573,0.6912631401220042,1,25,18,45.3239732214296,0,Medium,Low
224,138,94.27540348732909,0.5599145010088231,0,19,24,85.31286279720246,4,High,Low
284,175,15.22894723033498,0.9870823143140077,1,28,21,60.121236918378706,14,High,High
490,140,85.04703287668421,0.5100131779629122,0,21,30,25.67132607130283,5,High,Low
122,257,53.866716737707414,0.8685901125036215,0,7,16,45.0290528684104,5,High,Low
549,140,87.0536661527893,0.8842999023942542,1,20,22,94.8237678836262,12,High,Low
559,499,58.5621100631638,0.6218283580319333,1,18,31,88.05442084838771,4,High,Medium
464,63,66.279520859058,0.8357792218065186,0,5,9,98.55245584612314,2,Low,High
111,398,56.221207179778936,0.546464572189695,0,19,9,70.23947060832785,14,High,Low
127,583,83.48189482612462,0.62852363321604,1,24,35,39.80080585123296,4,High,Low
319,454,72.38234311106464,0.8939509941461325,1,28,7,33.0252039741491,11,High,Low
454,547,54.307126535335264,0.9323430960167701,0,18,19,34.95315524867693,7,High,Low
652,311,83.79366834438149,0.8042432063298957,1,3,31,21.58365266778035,13,High,Low
527,349,30.849270241703437,0.7534192159102413,1,22,13,51.25456887887513,1,High,Medium
372,472,23.37395607471471,0.5796520103094902,1,6,27,35.3142144399634,5,High,Low
116,344,23.634008953056128,0.5315545165395751,0,27,23,52.9324368365362,8,High,Medium
315,406,38.390754693345215,0.5588245142367794,0,27,14,94.79955454710124,7,High,High
366,318,30.28865266058649,0.6136786500480493,0,3,21,54.4432167605752,13,High,Medium
698,466,89.05767979332778,0.6708372509484604,1,21,29,90.23875975878678,10,High,Low
373,306,18.995897975429642,0.6904547627554936,1,11,3,68.44038132927011,7,High,High
570,532,69.41421273336495,0.6731608842945018,0,12,12,39.77052437291135,7,Medium,Low
542,545,26.0838308817255,0.6195276660986329,0,2,22,48.46838074073691,14,High,Medium
605,379,84.93915628547977,0.754862123375849,0,21,7,26.71356286571435,12,Medium,Low
636,475,91.71179949571713,0.9126430541164484,1,11,17,46.67700748768084,6,Medium,Low
281,379,49.564950745448606,0.6398517692357396,0,1,11,74.20327564028273,7,High,Medium
138,166,84.72107581939119,0.9711935095511166,0,23,30,25.768887434354816,12,High,Low
601,272,10.437339514150755,0.9366683308619239,1,1,13,36.43211267824235,5,High,Medium
106,572,79.69548797968851,0.5808821056760548,1,26,33,50.51528331306492,1,High,Low
261,69,29.4331387296185,0.8931379783785472,1,22,17,98.563962961277,1,Medium,High
309,258,87.23961128789627,0.7872936911588833,0,8,33,82.78894583671041,7,High,Low
247,577,10.095209475809307,0.7832876810857092,1,0,10,78.67893971936832,10,High,High
566,252,57.27544747837934,0.6955213815290873,1,7,40,29.295276522035678,0,High,Low
135,35,74.31404332171945,0.7505764995910049,0,22,11,82.47967148919932,5,Medium,Low
462,351,31.98850810932218,0.6985893887146055,1,5,14,82.82150492128122,12,High,High
607,497,26.41629348991991,0.7698663093799714,0,5,30,68.08821564994626,5,High,High
188,104,17.148349079778697,0.8139750263863179,0,21,28,99.22894255986975,10,High,High
126,33,37.7468540027799,0.8371519032045243,1,24,25,46.020312473964154,3,High,Low
369,147,57.5867665462505,0.7662405962797131,1,17,17,95.30179585934813,11,Medium,High
438,533,19.846727826321903,0.8607110336643659,1,16,31,93.17848919652029,10,High,High
586,470,42.01910576887789,0.5706390246377528,1,28,21,20.91845277995023,12,High,Low
391,223,10.771154395481622,0.6059912454511193,1,11,37,56.00932211798488,14,High,High
270,421,79.58775074248655,0.909367502037135,1,5,16,98.16833864412587,10,High,Medium
696,55,20.918141037921266,0.6612639889232076,0,25,22,28.249708992646063,12,High,Low
188,464,34.08415060257444,0.5114469124880601,0,26,23,63.822775550665554,9,High,Medium
205,202,11.566356092748485,0.5768955748340155,1,7,7,98.31660056328832,2,High,High
280,329,46.740466630863544,0.6118072172481557,0,18,40,64.43963392846882,12,High,Medium
342,355,81.4103277330036,0.9786614439472936,1,27,5,35.18522423777248,10,Medium,Low
250,439,43.332852972841714,0.7865207144654247,0,9,4,66.57465840740718,2,High,Medium
345,147,25.257272491025837,0.9663653702381274,0,0,43,36.35524591596375,14,High,Low
412,254,74.06440089429412,0.7875816752483125,0,24,28,61.57634103155874,14,High,Low
217,561,77.04859345901326,0.7396772200689259,1,28,27,25.92337743298784,12,High,Low
107,142,24.769045401143178,0.656863845597048,0,12,10,68.43861353715238,12,High,High
655,169,75.52259922598414,0.8031854722166878,1,16,0,61.34319513025265,0,Medium,Low
659,588,90.52032050178873,0.5695990123087649,0,2,42,79.21290950091705,2,High,Low
412,30,24.142094889243147,0.949130813646353,0,7,18,70.45603769270281,3,Low,High
715,119,75.53366486523151,0.9146662025706418,0,13,8,63.96850148246053,10,Medium,Low
377,349,70.2286203912235,0.6587657239383685,0,2,26,75.1823079398497,10,High,Low
244,579,50.25378051698252,0.9763987638006472,0,15,33,31.515353085778468,4,High,Low
579,168,14.923239147497855,0.9126003837077841,1,12,43,67.62877290068832,2,High,High
475,540,16.34902550941759,0.8331534429175198,1,19,3,33.76884822582221,5,High,Medium
193,288,82.45524603188505,0.5608809555626374,0,23,35,94.04177662815047,10,High,Low
482,39,94.162611683805,0.7391170115240362,0,16,17,25.466728387648338,13,Medium,Low
335,290,67.46444186087413,0.7530537774233754,0,12,14,54.429979975263464,14,Medium,Low
265,201,47.906456095877324,0.61627567918269,0,28,12,75.66379821243558,11,Medium,Medium
128,42,65.04375968916214,0.539982697179651,1,5,18,56.6417769334607,4,Low,Low
566,197,60.52364803442635,0.8883618152358463,0,16,5,27.367620258632186,2,Medium,Low
627,350,42.60704213447785,0.5610175260621975,1,13,11,64.2703212901366,5,Medium,Medium
497,348,15.5782222887911,0.7971453752808874,0,16,36,71.33055270618837,5,High,High
614,358,79.82860052963248,0.9682245869418302,1,29,16,76.30338487924061,14,Medium,Low
595,579,41.60584998529159,0.9380525962990213,0,7,22,49.860785157020715,13,High,Low
125,448,79.59677968535297,0.6388763118746306,0,10,25,65.09279768230098,7,High,Low
109,124,31.463243723512488,0.9257243187756327,1,19,28,56.05491799511305,1,High,Medium
410,347,10.08750578687884,0.5001662530602446,0,27,32,73.76448310018027,0,High,High
601,265,23.509754078524303,0.5088439048066287,0,0,26,66.68455738598549,3,High,High
489,363,49.82585042532967,0.8012765819214325,0,25,24,62.06049756473079,6,High,Low
560,405,90.26580897141554,0.6823991095722648,1,6,9,39.96194934705989,14,Low,Low
232,488,18.686457673966114,0.6932304205795736,0,20,22,20.161481419858713,10,High,Low
181,166,82.60783082923311,0.7822205453394413,0,20,20,33.92653402491434,9,Medium,Low
443,576,54.797048178008275,0.5958912277959303,1,16,20,29.365283313933492,2,High,Low
140,542,80.20326509299122,0.6058776753327392,1,29,42,55.92677960087574,2,High,Low
664,325,35.361826634149374,0.7423007935094323,1,9,12,68.98065206094756,4,Low,High
279,349,81.3955089971601,0.8771267721719316,0,10,36,37.04680069478465,4,High,Low
214,378,75.68993630142838,0.8097488757037938,0,21,32,95.12456767737497,12,High,Medium
239,258,29.554563057671885,0.6486775241184195,0,29,23,20.53457033791102,9,High,Low
403,299,21.163485744797136,0.7151685887544605,1,8,43,81.78408121322744,2,High,High
659,320,83.7846174152449,0.5853323792749991,0,8,10,70.01638156243538,8,Low,Low
431,194,91.87511554241121,0.5373149071685408,0,23,16,49.88438408381455,3,Medium,Low
394,34,12.66069666853888,0.8913480203720746,1,4,3,24.039115552992634,12,Low,Low
143,408,72.15795569276327,0.6326937045940972,1,16,24,70.19892574274235,12,High,Low
533,107,87.30958343056456,0.588883193925624,1,8,29,50.84908102925184,14,High,Low
702,439,82.87560782786238,0.8458090277846597,1,16,8,94.90137115305754,2,Medium,Low
353,161,91.98424014296772,0.809025837143593,1,23,20,63.35920599118127,10,Medium,Low
142,71,74.60799666723825,0.816594813006732,0,20,19,95.17212090348066,1,Medium,Medium
661,118,47.59539480237737,0.6144473024233068,1,18,18,37.63869547786433,9,Medium,Low
709,431,36.51591919208609,0.6163227692813404,0,26,18,78.05807282912826,12,Medium,High
94,325,37.26313293724083,0.6104013148928196,0,6,11,69.37992166789806,10,High,High
192,324,71.57592717219994,0.5868762978311473,1,22,36,79.15265838650495,8,High,Low
285,555,73.39614602263197,0.8278618362808281,1,8,41,37.17342911780294,3,High,Low
439,451,27.030527201640574,0.9240079426247008,1,6,16,73.1995612990219,2,High,High
136,52,83.79043914669514,0.8621587348383306,0,12,36,59.84323144454952,6,High,Low
358,172,70.76854341719104,0.8960468168802715,1,10,38,79.4259979925053,7,High,Low
459,174,57.83377433918753,0.7023992145425999,1,13,27,46.163571532145426,10,High,Low
195,254,50.08025910871358,0.8270378976859991,1,18,40,91.2045620372202,13,High,High
209,532,56.17478849214644,0.6771181202223873,1,10,34,26.74410516890803,1,High,Low
693,133,23.53588775373748,0.76275231098432,1,12,17,84.57514550329505,6,Medium,High
147,68,27.314606188483307,0.7408174232674312,0,13,13,88.90557006520726,11,Medium,High
435,227,17.748981684526292,0.5884435725719273,0,12,34,85.3801849093457,4,High,High
563,420,23.060933243694578,0.6935393801678154,0,0,43,61.01811154094208,14,High,High
206,208,48.56395894144903,0.9819111377411756,1,7,40,55.07079840246091,10,High,Low
216,583,55.08012346690177,0.624290128857471,1,11,6,99.70098292199015,4,High,High
482,477,11.518260860657147,0.5669018681397444,1,18,40,38.33375609713297,2,High,Medium
147,529,77.72781536844234,0.7092903108119677,0,11,12,63.750077270083565,4,High,Low
602,44,35.004277734195625,0.895168867930074,1,7,17,73.65404203058604,11,Low,High
185,318,87.50606297159244,0.7910741148899861,1,7,36,76.06941086891456,1,High,Low
207,507,92.23845740717111,0.8404874136191223,1,28,12,36.32197325908629,3,High,Low
649,260,25.76400434751562,0.5948474240873386,0,20,35,72.3195273871841,5,High,High
690,449,49.27826971508115,0.8094740965038607,1,12,30,85.46956531850698,0,High,High
577,186,10.1047059891462,0.6617501974557369,0,11,1,24.00148614568898,9,Medium,Low
326,579,60.85781753540629,0.9171516829773838,1,28,15,92.92170346602532,3,High,High
361,470,61.62104810232705,0.8146494030053681,0,15,8,22.360324411616475,5,High,Low
278,126,31.04089622628689,0.5994281388876479,0,0,8,48.47768259907155,8,Low,Medium
536,440,57.46507716957183,0.5323083399220431,0,12,37,21.265055698636964,13,High,Low
670,318,29.170912107717513,0.5213166046435164,1,25,10,26.17161348316655,10,Medium,Low
336,283,23.670164871646158,0.6857042838250704,1,6,21,92.89346281440632,10,High,High
165,225,65.37915467819249,0.6329255683271567,0,27,32,48.388866459691826,12,High,Low
243,551,37.70366443592637,0.823045061731254,0,25,35,53.98172243400423,1,High,Medium
524,546,60.17243480527791,0.7496669174893091,1,4,44,37.22755051060421,10,High,Low
175,147,46.82597366259073,0.6330096390026904,1,7,22,67.76766161493758,6,High,Medium
374,188,93.66986962924683,0.5746188889750881,0,24,44,67.58425717422317,5,High,Low
309,257,22.714354626743088,0.5635998813437249,1,26,44,49.77603134601754,1,High,Medium
158,245,49.49088071404386,0.9323301960702088,1,13,33,46.642789744431866,7,High,Low
136,44,67.83881324054265,0.6217389842024337,1,22,8,90.79714465444702,6,Medium,Medium
183,186,43.62133212979734,0.8258553239554842,1,29,23,50.66273917137611,10,High,Low
542,290,92.84948740900863,0.9053429639931332,0,12,7,59.48007937235266,4,Medium,Low
293,186,71.36044837378948,0.807040655592368,1,14,6,42.66438099399445,11,Medium,Low
307,76,65.84362789298191,0.9297826158234729,1,22,35,82.94156026857019,4,High,Medium
563,353,74.35003774695399,0.6961968607642373,0,16,17,51.79585255192733,6,Medium,Low
521,159,90.97513423329094,0.9781110953244742,0,14,2,61.08888372354596,8,Medium,Low
430,440,87.16458550369441,0.5665725020890484,1,19,27,40.26857360477291,10,High,Low
640,124,71.56425119074501,0.551074764828769,1,17,5,99.01276738730014,14,Medium,Medium
701,321,73.67873932360907,0.8293460731037218,1,17,43,43.31965927389783,8,High,Low
378,312,22.403376292987364,0.9714155707066309,1,1,43,81.65940247244413,8,High,High
343,98,18.737354381876585,0.904441730818164,0,3,20,54.19965202854073,5,Low,High
446,40,58.52688265675397,0.5382084297190257,0,29,27,36.497392406731194,9,High,Low
112,283,11.5612491399459,0.6396838569673582,0,0,39,83.9775011171889,5,High,High
611,579,51.000292431885285,0.9651594424189118,1,3,0,46.68854312232345,2,High,Low
189,163,27.87971429310383,0.6265292164003923,1,17,35,89.21546779182489,0,High,High
269,52,39.41140824981136,0.8905852118934596,1,4,20,93.22057479342584,6,Low,High
312,375,75.94340254240126,0.912566097964352,1,18,42,88.78590683130207,3,High,Low
531,331,90.00518785975285,0.7477260517304909,0,14,34,22.800633184544452,0,High,Low
697,392,16.155383132439027,0.6931744549241577,0,27,12,82.98986760040845,14,High,High
414,425,55.41058750799783,0.7250622162098799,1,7,9,52.907157319931514,7,High,Low
605,247,85.015346294666,0.613482347182682,0,19,43,89.897833614578,11,High,Low
105,170,17.01322542743581,0.9446954580644221,1,16,9,71.0363410147791,5,High,High
425,239,80.08369398623087,0.7253098283648789,1,0,12,86.69145073151667,5,Low,Low
347,489,40.41311482890306,0.94122972022805,0,11,36,59.95454158934683,1,High,Medium
586,385,37.3780496886435,0.552846739953137,1,25,37,62.80204036791463,14,High,Medium
249,353,93.08464283675679,0.9941376355000657,1,18,23,31.55101057069338,0,High,Low
564,162,27.073022638295004,0.7216365437218091,0,14,1,82.71898869514843,12,Medium,High
469,156,68.92148496992789,0.5239154101970527,1,8,21,53.55116893335773,13,High,Low
634,135,79.82246188083865,0.5190109241187275,1,6,16,60.006409461726605,13,Low,Low
516,407,13.500597098738092,0.8731036287409193,0,1,35,82.8078171276566,1,High,High
702,80,66.98276396012504,0.8295177671018403,1,28,13,67.90763200635512,3,Medium,Low
357,58,90.88174782020279,0.9010652790637937,0,8,9,36.087898195413395,1,Low,Low
666,491,20.558697171885044,0.552683766976403,1,9,34,67.21861273207142,0,High,High
506,325,86.17881072822826,0.5177854335177742,0,1,24,52.61062863837246,6,High,Low
257,326,60.556014177039565,0.7542896447237892,0,18,2,57.56204336350901,10,High,Low
132,436,62.41138945831029,0.6937976157413848,0,10,37,22.26490195221342,10,High,Low
645,434,62.1002548635765,0.7309734683354778,1,12,16,36.80234796130253,14,Medium,Low
374,375,35.40105033867168,0.995794204435137,0,9,11,42.48304651048226,11,High,Low
486,449,89.49215430045408,0.9853749788353351,0,13,23,77.03680062870447,7,High,Low
101,211,90.52478932363829,0.9711576948365964,0,17,28,20.919397863849227,5,High,Low
696,30,63.150896118185564,0.8919213383838369,0,18,42,52.70218089833057,3,High,Low
391,596,76.59093170503725,0.6774206801284453,0,21,24,93.92214963405863,13,High,Medium
342,400,62.04192879989843,0.7060654651313858,1,8,35,28.95044932392991,5,High,Low
588,460,51.17386804379345,0.7748080218594622,1,24,25,61.31395105748888,2,High,Low
124,338,66.16971005543631,0.9152672282024199,1,6,37,82.92179059126777,11,High,Medium
179,166,57.00512347031647,0.5343564162591339,1,27,0,95.40250460160934,7,High,High
694,231,60.78544832371406,0.7121484429424441,1,2,19,79.74213116269743,9,Low,Medium
691,465,76.62576704060326,0.5413088317296344,1,19,27,77.6452438915525,13,High,Low
507,342,50.876825673163715,0.7573287932867558,1,5,15,86.119047215661,12,Medium,High
204,146,13.464099017860185,0.9494504120031177,0,26,16,55.69609767820349,12,High,High
706,273,23.939955884107263,0.891242462281969,1,20,39,84.46756260942665,1,High,High
285,566,47.28161340161076,0.613921208771555,0,1,27,20.637152379636092,4,High,Low
590,104,71.61025758929495,0.9879954247993963,0,28,11,93.9648844301444,0,Medium,Medium
715,415,60.428685106365194,0.8336751990232142,1,5,26,55.464520761374025,5,High,Low
582,239,65.27500579924359,0.5052138496987015,0,2,41,64.27041502925981,1,High,Low
164,504,50.73870892898442,0.6277067423426097,0,15,29,40.390579913190585,3,High,Low
502,447,62.33807186509064,0.6303566499599582,0,29,40,79.40246662723371,5,High,Medium
465,376,37.966482214246284,0.53462715314293,0,7,33,26.130864518019905,9,High,Low
509,558,49.96552037921653,0.9799132590379644,1,1,36,89.81086420374682,10,High,High
366,208,73.26372057557123,0.7391276472879619,1,16,5,86.24934632050741,7,Medium,Low
483,211,84.1057862127153,0.9479072986859409,1,8,6,37.28480929958131,11,Low,Low
546,54,46.86070338629305,0.6611077517223142,1,29,31,84.74595186282099,7,High,High
281,209,13.7112409051257,0.5626167852164136,1,11,31,82.90861864491852,10,High,High
188,530,23.742166252478228,0.737168054953107,1,2,24,70.57732782031593,5,High,High
637,190,11.773196839780738,0.5569783173571585,1,10,32,49.881614151975,3,High,High
185,206,65.52735663517305,0.74300775148877,1,0,6,41.71990033454943,7,High,Low
279,314,38.24674315518426,0.9601485906097038,1,22,11,38.542687223148,12,High,Low
126,92,56.11068403614624,0.7603840709171064,1,12,15,45.488717021088576,7,Medium,Low
458,185,51.92853197662296,0.8082498634475417,0,14,15,92.28467547460242,9,Medium,High
614,498,16.92975161195627,0.5783192184869042,1,25,42,26.211262079102504,13,High,Low
368,78,44.277215695525705,0.5218678129399847,0,4,35,86.30970210023669,0,High,High
306,113,28.74769561839748,0.5554039810899035,0,20,12,47.91120600334588,3,Medium,Medium
362,390,45.56398203675048,0.7992657878421828,0,29,6,61.72795168090865,3,High,Medium
151,177,27.304153829090627,0.5475058494961523,0,16,35,83.55885069187926,6,High,High
685,371,81.43845453353934,0.6879964449706557,1,24,8,90.7501237618377,13,Medium,Low
431,505,24.80643360915156,0.775045970229078,0,22,31,47.58251360581176,13,High,Medium
486,92,91.66634687639304,0.6943263993149236,1,23,10,56.94747850200883,10,Medium,Low
108,389,45.35212612248997,0.5818419007326507,1,24,7,53.16128518534338,6,High,Low
266,590,81.93084982161919,0.6368956537570533,0,5,32,21.060082680312846,12,High,Low
701,356,63.445009547505336,0.9641587664242885,1,27,22,43.67543110869253,10,High,Low
485,170,72.50477538658897,0.8379911377931777,0,20,24,56.73513869860494,14,High,Low
534,244,75.25653048567632,0.7480239193399433,0,21,7,52.88748871043518,7,Medium,Low
322,464,52.91181496090651,0.5063574449934467,1,10,44,77.75433820125436,10,High,Medium
165,347,56.180544485879516,0.9962077002447352,1,17,21,50.78428937768826,4,High,Low
354,61,53.68964876374162,0.8357274674473216,0,3,3,59.15011591765362,6,Low,Low
544,314,59.98496213765673,0.6584612386724724,1,2,39,54.36868737058907,7,High,Low
473,334,12.49852788930312,0.9396343299989192,1,12,2,79.25009191154965,14,High,High
653,458,43.6187894371663,0.6292158101459091,1,22,28,89.037791918957,8,High,High
595,506,61.52604065269958,0.7720082895913758,0,8,40,62.55112632060113,2,High,Low
456,315,60.80650304674847,0.8180353818649125,0,20,28,83.1545755356153,2,High,Medium
233,173,77.40126804147869,0.6105316857268642,1,5,33,43.742934561588044,3,High,Low
158,453,65.67579380072922,0.989198639400298,1,25,33,63.309568812581496,4,High,Low
188,48,94.33133188895715,0.8740959529894987,1,29,27,47.6183962935978,9,High,Low
485,47,34.127634931734825,0.778906612755535,1,27,12,53.136074045746426,0,Medium,Medium
114,400,40.52783752162968,0.5902972990876505,1,11,14,78.59310918501349,14,High,High
558,204,42.627007908762685,0.5269291034990131,0,1,22,90.53299858661701,14,High,High
573,223,49.59408859672112,0.6600299162604917,1,2,43,29.719631287021233,6,High,Low
654,531,81.05983542140281,0.8765936679567015,0,2,25,70.77114051899045,8,High,Low
240,142,30.04232798653284,0.6346656491510125,1,27,3,66.57150460622388,7,Medium,High
233,143,75.9600175980115,0.7697781102477526,0,11,25,29.473203134074552,14,High,Low
658,251,44.45136556228819,0.8639735883653716,1,14,39,36.951546435208726,14,High,Low
128,293,61.15770761127072,0.5539718573232322,0,8,8,44.88019957861442,4,High,Low
198,84,63.76594532423602,0.8426490080579367,1,22,4,33.35448566540012,13,Medium,Low
131,487,41.69213416105943,0.5459354438550224,0,7,31,39.498358601947345,13,High,Low
275,191,53.57229244249344,0.9825648710634982,0,10,19,41.4080639089366,3,Medium,Low
487,409,45.10764984505425,0.7441970650324699,0,15,10,46.85390664312477,11,High,Low
312,116,15.876286825862653,0.5753380538549386,0,25,14,79.95123622409272,6,Medium,High
222,84,47.15905804943026,0.6711918180167733,0,26,31,65.75297630804806,4,High,Medium
252,505,18.278438367051933,0.7067082246476307,0,24,27,98.89973375611211,6,High,High
